-- MySQL Script generated by MySQL Workbench
-- Thu Oct 25 16:33:59 2018
-- Model: New Model    Version: 1.0
-- MySQL Workbench Forward Engineering

SET @OLD_UNIQUE_CHECKS=@@UNIQUE_CHECKS, UNIQUE_CHECKS=0;
SET @OLD_FOREIGN_KEY_CHECKS=@@FOREIGN_KEY_CHECKS, FOREIGN_KEY_CHECKS=0;
SET @OLD_SQL_MODE=@@SQL_MODE, SQL_MODE='TRADITIONAL,ALLOW_INVALID_DATES';

-- -----------------------------------------------------
-- Schema AWGP
-- -----------------------------------------------------

-- -----------------------------------------------------
-- Schema AWGP
-- -----------------------------------------------------
DROP SCHEMA IF EXISTS `AWGP`;
CREATE SCHEMA IF NOT EXISTS `AWGP` DEFAULT CHARACTER SET utf8 ;
USE `AWGP` ;

-- -----------------------------------------------------
-- `AWGP`.`Deportista`
-- -----------------------------------------------------
CREATE TABLE IF NOT EXISTS `AWGP`.`Deportista` (
  `DNI` VARCHAR(9) NOT NULL,
  `Edad` INT NULL,
  `Nombre` VARCHAR(45) NULL,
  `Apellidos` VARCHAR(45) NULL,
  `Sexo` VARCHAR(6) NULL,
  `Contrasenha` VARCHAR(128) NOT NULL,
  `Cuota_Socio` INT NULL,
  `rolAdmin` TINYINT NULL,
  `rolEntrenador` TINYINT NULL,
  PRIMARY KEY (`DNI`))
ENGINE = InnoDB;


-- -----------------------------------------------------
-- `AWGP`.`Pareja`
-- -----------------------------------------------------
CREATE TABLE IF NOT EXISTS `AWGP`.`Pareja` (
  `codPareja` VARCHAR(18) NOT NULL,
  `DNI_Capitan` VARCHAR(9) NOT NULL,
  `DNI_Companhero` VARCHAR(9) NOT NULL,
  PRIMARY KEY (`codPareja`),
  INDEX `fk_Pareja_Deportista1_idx` (`DNI_Capitan` ASC),
  INDEX `fk_Pareja_Deportista2_idx` (`DNI_Companhero` ASC),
  CONSTRAINT `fk_Pareja_Deportista1`
    FOREIGN KEY (`DNI_Capitan`)
    REFERENCES `AWGP`.`Deportista` (`DNI`)
    ON DELETE CASCADE
    ON UPDATE CASCADE,
  CONSTRAINT `fk_Pareja_Deportista2`
    FOREIGN KEY (`DNI_Companhero`)
    REFERENCES `AWGP`.`Deportista` (`DNI`)
    ON DELETE CASCADE
    ON UPDATE CASCADE)
ENGINE = InnoDB
COMMENT = '	';


-- -----------------------------------------------------
-- `AWGP`.`Horario`
-- -----------------------------------------------------
CREATE TABLE IF NOT EXISTS `AWGP`.`Horario` (
  `Horario` INT NOT NULL AUTO_INCREMENT,
  `HoraInicio` DATETIME NULL,
  `HoraFin` DATETIME NULL,
  PRIMARY KEY (`Horario`))
ENGINE = InnoDB;


-- -----------------------------------------------------
-- `AWGP`.`Pista`
-- -----------------------------------------------------
CREATE TABLE IF NOT EXISTS `AWGP`.`Pista` (
  `codigoPista` INT NOT NULL AUTO_INCREMENT,
  `nombre` VARCHAR(45) NULL,
  PRIMARY KEY (`codigoPista`))
ENGINE = InnoDB
COMMENT = '										';


-- -----------------------------------------------------
-- `AWGP`.`Partido`
-- -----------------------------------------------------
CREATE TABLE IF NOT EXISTS `AWGP`.`Partido` (
  `Partido` INT NOT NULL AUTO_INCREMENT,
  `codigoHorario` INT NOT NULL,
  `codigoPista` INT NOT NULL,
  PRIMARY KEY (`Partido`),
  INDEX `fk_Partido_Horario1_idx` (`codigoHorario` ASC),
  INDEX `fk_Partido_Pista1_idx` (`codigoPista` ASC),
  CONSTRAINT `fk_Partido_Horario1`
    FOREIGN KEY (`codigoHorario`)
    REFERENCES `AWGP`.`Horario` (`Horario`)
    ON DELETE CASCADE
    ON UPDATE CASCADE,
  CONSTRAINT `fk_Partido_Pista1`
    FOREIGN KEY (`codigoPista`)
    REFERENCES `AWGP`.`Pista` (`codigoPista`)
    ON DELETE CASCADE
    ON UPDATE CASCADE)
ENGINE = InnoDB;


-- -----------------------------------------------------
-- `AWGP`.`Campeonato`
-- -----------------------------------------------------
CREATE TABLE IF NOT EXISTS `AWGP`.`Campeonato` (
  `Campeonato` INT NOT NULL AUTO_INCREMENT,
  `FechaInicio` DATETIME NULL,
  `FechaFinal` DATETIME NULL,
  `Nombre` VARCHAR(45) NULL,
  PRIMARY KEY (`Campeonato`))
ENGINE = InnoDB;


-- -----------------------------------------------------
-- `AWGP`.`Categoria`
-- -----------------------------------------------------
CREATE TABLE IF NOT EXISTS `AWGP`.`Categoria` (
  `Categoria` INT NOT NULL,
  `Nivel` VARCHAR(45) NULL,
  `Sexo` VARCHAR(45) NULL,
  PRIMARY KEY (`Categoria`))
ENGINE = InnoDB;


-- -----------------------------------------------------
-- `AWGP`.`Campeonato_consta_de_categorias`
-- -----------------------------------------------------
CREATE TABLE IF NOT EXISTS `AWGP`.`Campeonato_consta_de_categorias` (
  `constadeCategorias` INT NOT NULL AUTO_INCREMENT,
  `Campeonato_Campeonato` INT NOT NULL,
  `Categoria_Categoria` INT NOT NULL,
  INDEX `fk_Campeonato_consta_de_categorias_Categoria1_idx` (`Categoria_Categoria` ASC),
  PRIMARY KEY (`constadeCategorias`),
  CONSTRAINT `fk_Campeonato_consta_de_categorias_Campeonato1`
    FOREIGN KEY (`Campeonato_Campeonato`)
    REFERENCES `AWGP`.`Campeonato` (`Campeonato`)
    ON DELETE CASCADE
    ON UPDATE CASCADE,
  CONSTRAINT `fk_Campeonato_consta_de_categorias_Categoria1`
    FOREIGN KEY (`Categoria_Categoria`)
    REFERENCES `AWGP`.`Categoria` (`Categoria`)
    ON DELETE CASCADE
    ON UPDATE CASCADE)
ENGINE = InnoDB;


-- -----------------------------------------------------
-- `AWGP`.`Pareja_pertenece_categoria`
-- -----------------------------------------------------
CREATE TABLE IF NOT EXISTS `AWGP`.`Pareja_pertenece_categoria` (
  `perteneceCategoria` INT NOT NULL AUTO_INCREMENT,
  `Pareja_codPareja` VARCHAR(18) NOT NULL,
  `Categoria_Categoria` INT NOT NULL,
  PRIMARY KEY (`perteneceCategoria`),
  INDEX `fk_Pareja_pertenece_categoria_Categoria1_idx` (`Categoria_Categoria` ASC),
  CONSTRAINT `fk_Pareja_pertenece_categoria_Pareja1`
    FOREIGN KEY (`Pareja_codPareja`)
    REFERENCES `AWGP`.`Pareja` (`codPareja`)
    ON DELETE CASCADE
    ON UPDATE CASCADE,
  CONSTRAINT `fk_Pareja_pertenece_categoria_Categoria1`
    FOREIGN KEY (`Categoria_Categoria`)
    REFERENCES `AWGP`.`Categoria` (`Categoria`)
    ON DELETE CASCADE
    ON UPDATE CASCADE)
ENGINE = InnoDB;


-- -----------------------------------------------------
-- `AWGP`.`Grupo`
-- -----------------------------------------------------
CREATE TABLE IF NOT EXISTS `AWGP`.`Grupo` (
  `Grupo` INT NOT NULL AUTO_INCREMENT,
  `nombre` VARCHAR(45) NULL,
  `CampeonatoCategoria` INT NOT NULL,
  `ParejaCategoria` INT NOT NULL,
  PRIMARY KEY (`Grupo`),
  INDEX `fk_Grupo_Campeonato_consta_de_categorias1_idx` (`CampeonatoCategoria` ASC),
  INDEX `fk_Grupo_Pareja_pertenece_categoria1_idx` (`ParejaCategoria` ASC),
  CONSTRAINT `fk_Grupo_Campeonato_consta_de_categorias1`
    FOREIGN KEY (`CampeonatoCategoria`)
    REFERENCES `AWGP`.`Campeonato_consta_de_categorias` (`constadeCategorias`)
    ON DELETE CASCADE
    ON UPDATE CASCADE,
  CONSTRAINT `fk_Grupo_Pareja_pertenece_categoria1`
    FOREIGN KEY (`ParejaCategoria`)
    REFERENCES `AWGP`.`Pareja_pertenece_categoria` (`perteneceCategoria`)
    ON DELETE CASCADE
    ON UPDATE CASCADE)
ENGINE = InnoDB;


-- -----------------------------------------------------
-- `AWGP`.`Enfrentamiento`
-- -----------------------------------------------------
CREATE TABLE IF NOT EXISTS `AWGP`.`Enfrentamiento` (
  `Enfrentamiento` INT NOT NULL AUTO_INCREMENT,
  `Grupo_Grupo` INT NOT NULL,
  `Pareja1` VARCHAR(18) NOT NULL,
  `Pareja2` VARCHAR(18) NOT NULL,
  `set1` VARCHAR(3) NULL,
  `set2` VARCHAR(3) NULL,
  `set3` VARCHAR(3) NULL,
  PRIMARY KEY (`Enfrentamiento`),
  INDEX `fk_Enfrentamiento_Grupo1_idx` (`Grupo_Grupo` ASC),
  INDEX `fk_Enfrentamiento_Pareja1_idx` (`Pareja1` ASC),
  INDEX `fk_Enfrentamiento_Pareja2_idx` (`Pareja2` ASC),
  CONSTRAINT `fk_Enfrentamiento_Grupo1`
    FOREIGN KEY (`Grupo_Grupo`)
    REFERENCES `AWGP`.`Grupo` (`Grupo`)
    ON DELETE CASCADE
    ON UPDATE CASCADE,
  CONSTRAINT `fk_Enfrentamiento_Pareja1`
    FOREIGN KEY (`Pareja1`)
    REFERENCES `AWGP`.`Pareja` (`codPareja`)
    ON DELETE CASCADE
    ON UPDATE CASCADE,
  CONSTRAINT `fk_Enfrentamiento_Pareja2`
    FOREIGN KEY (`Pareja2`)
    REFERENCES `AWGP`.`Pareja` (`codPareja`)
    ON DELETE CASCADE
    ON UPDATE CASCADE)
ENGINE = InnoDB;


-- -----------------------------------------------------
-- `AWGP`.`Reserva`
-- -----------------------------------------------------
CREATE TABLE IF NOT EXISTS `AWGP`.`Reserva` (
  `Reserva` INT NOT NULL AUTO_INCREMENT,
  `codigoPistayHorario` INT UNIQUE NOT NULL,
  `DNI_Deportista` VARCHAR(9) NOT NULL,
  PRIMARY KEY (`Reserva`),
  INDEX `fk_Reserva_Horario1_idx` (`codigoPistayHorario` ASC),
  INDEX `fk_Reserva_Deportista1_idx` (`DNI_Deportista` ASC),
  CONSTRAINT `fk_Reserva_codigoPistayHorario`
    FOREIGN KEY (`codigoPistayHorario`)
    REFERENCES `AWGP`.`Pista_tiene_horario` (`codigoPistayHorario`)
    ON DELETE CASCADE
    ON UPDATE CASCADE,
  CONSTRAINT `fk_Reserva_Deportista1`
    FOREIGN KEY (`DNI_Deportista`)
    REFERENCES `AWGP`.`Deportista` (`DNI`)
    ON DELETE CASCADE
    ON UPDATE CASCADE)
ENGINE = InnoDB;


-- -----------------------------------------------------
-- `AWGP`.`Escuela`
-- -----------------------------------------------------
CREATE TABLE IF NOT EXISTS `AWGP`.`Escuela` (
  `codigoEscuela` INT NOT NULL,
  `nombreEscuela` VARCHAR(45) NULL,
  PRIMARY KEY (`codigoEscuela`))
ENGINE = InnoDB;


-- -----------------------------------------------------
-- `AWGP`.`Clase`
-- -----------------------------------------------------
CREATE TABLE IF NOT EXISTS `AWGP`.`Clase` (
  `Clase` INT NOT NULL AUTO_INCREMENT,
  `Reserva_Reserva` INT NOT NULL,
  `codigoEscuela` INT NOT NULL,
  `Entrenador` VARCHAR(9) NOT NULL,
  PRIMARY KEY (`Clase`),
  INDEX `fk_Clase_Reserva1_idx` (`Reserva_Reserva` ASC),
  INDEX `fk_Clase_Escuela1_idx` (`codigoEscuela` ASC),
  INDEX `fk_Clase_Deportista1_idx` (`Entrenador` ASC),
  CONSTRAINT `fk_Clase_Reserva1`
    FOREIGN KEY (`Reserva_Reserva`)
    REFERENCES `AWGP`.`Reserva` (`Reserva`)
    ON DELETE CASCADE
    ON UPDATE CASCADE,
  CONSTRAINT `fk_Clase_Escuela1`
    FOREIGN KEY (`codigoEscuela`)
    REFERENCES `AWGP`.`Escuela` (`codigoEscuela`)
    ON DELETE CASCADE
    ON UPDATE CASCADE,
  CONSTRAINT `fk_Clase_Deportista1`
    FOREIGN KEY (`Entrenador`)
    REFERENCES `AWGP`.`Deportista` (`DNI`)
    ON DELETE CASCADE
    ON UPDATE CASCADE)
ENGINE = InnoDB;


-- -----------------------------------------------------
-- `AWGP`.`Pista_tiene_horario`
-- -----------------------------------------------------
CREATE TABLE IF NOT EXISTS `AWGP`.`Pista_tiene_horario` (
  `codigoPistayHorario` INT NOT NULL AUTO_INCREMENT,
  `Horario_Horario` INT NOT NULL,
  `Pista_codigoPista` INT NOT NULL,
  INDEX `fk_Pista_tiene_horario_Horario1_idx` (`Horario_Horario` ASC),
  INDEX `fk_Pista_tiene_horario_Pista1_idx` (`Pista_codigoPista` ASC),
  PRIMARY KEY (`codigoPistayHorario`),
  CONSTRAINT `fk_Pista_tiene_horario_Horario1`
    FOREIGN KEY (`Horario_Horario`)
    REFERENCES `AWGP`.`Horario` (`Horario`)
    ON DELETE CASCADE
    ON UPDATE CASCADE,
  CONSTRAINT `fk_Pista_tiene_horario_Pista1`
    FOREIGN KEY (`Pista_codigoPista`)
    REFERENCES `AWGP`.`Pista` (`codigoPista`)
    ON DELETE CASCADE
    ON UPDATE CASCADE,
  CONSTRAINT `pistayHorarioUnicos` 
    UNIQUE(`Horario_Horario`, `Pista_codigoPista`))
ENGINE = InnoDB;


-- -----------------------------------------------------
-- `AWGP`.`Deportista_juega_partido`
-- -----------------------------------------------------
CREATE TABLE IF NOT EXISTS `AWGP`.`Deportista_juega_partido` (
  `DNI_Deportista1` VARCHAR(9) NOT NULL,
  `DNI_Deportista2` VARCHAR(9) NOT NULL,
  `DNI_Deportista3` VARCHAR(9) NOT NULL,
  `DNI_Deportista4` VARCHAR(9) NOT NULL,
  `Partido_Partido` INT NOT NULL,
  INDEX `fk_Deportista_juega_partido_Deportista1_idx` (`DNI_Deportista1` ASC),
  INDEX `fk_Deportista_juega_partido_Deportista2_idx` (`DNI_Deportista2` ASC),
  INDEX `fk_Deportista_juega_partido_Deportista3_idx` (`DNI_Deportista3` ASC),
  INDEX `fk_Deportista_juega_partido_Deportista4_idx` (`DNI_Deportista4` ASC),
  PRIMARY KEY (`Partido_Partido`, `DNI_Deportista4`, `DNI_Deportista3`, `DNI_Deportista2`, `DNI_Deportista1`),
  CONSTRAINT `fk_Deportista_juega_partido_Deportista1`
    FOREIGN KEY (`DNI_Deportista1`)
    REFERENCES `AWGP`.`Deportista` (`DNI`)
    ON DELETE CASCADE
    ON UPDATE CASCADE,
  CONSTRAINT `fk_Deportista_juega_partido_Deportista2`
    FOREIGN KEY (`DNI_Deportista2`)
    REFERENCES `AWGP`.`Deportista` (`DNI`)
    ON DELETE CASCADE
    ON UPDATE CASCADE,
  CONSTRAINT `fk_Deportista_juega_partido_Deportista3`
    FOREIGN KEY (`DNI_Deportista3`)
    REFERENCES `AWGP`.`Deportista` (`DNI`)
    ON DELETE CASCADE
    ON UPDATE CASCADE,
  CONSTRAINT `fk_Deportista_juega_partido_Deportista4`
    FOREIGN KEY (`DNI_Deportista4`)
    REFERENCES `AWGP`.`Deportista` (`DNI`)
    ON DELETE CASCADE
    ON UPDATE CASCADE,
  CONSTRAINT `fk_Deportista_juega_partido_Partido1`
    FOREIGN KEY (`Partido_Partido`)
    REFERENCES `AWGP`.`Partido` (`Partido`)
    ON DELETE CASCADE
    ON UPDATE CASCADE)
ENGINE = InnoDB
COMMENT = '			';


SET SQL_MODE=@OLD_SQL_MODE;
SET FOREIGN_KEY_CHECKS=@OLD_FOREIGN_KEY_CHECKS;
SET UNIQUE_CHECKS=@OLD_UNIQUE_CHECKS;

/*TODOS LOS USUARIOS TIENEN DE CONTRASEÑA 12345*/
INSERT INTO Deportista (DNI, Edad, Nombre, Apellidos, Sexo, Contrasenha, Cuota_Socio, rolAdmin, rolEntrenador)
VALUES ('72180857A', '11', 'CESAR', ' HEREDIA MAÑAS', 'Hombre', '827ccb0eea8a706c4c34a16891f84e7b', '0', false, false);
INSERT INTO Deportista (DNI, Edad, Nombre, Apellidos, Sexo, Contrasenha, Cuota_Socio, rolAdmin, rolEntrenador)
VALUES ('08722995S', 22, 'RICARDO', 'BENAVENTENGUAL', 'Hombre', '827ccb0eea8a706c4c34a16891f84e7b', '12', false, false);
INSERT INTO Deportista (DNI, Edad, Nombre, Apellidos, Sexo, Contrasenha, Cuota_Socio, rolAdmin, rolEntrenador)
VALUES ('93407187R', 33, 'INES', 'ZABALETA FUENTE', 'Mujer', '827ccb0eea8a706c4c34a16891f84e7b', '12', false, false);
INSERT INTO Deportista (DNI, Edad, Nombre, Apellidos, Sexo, Contrasenha, Cuota_Socio, rolAdmin, rolEntrenador)
VALUES ('78380290Q', 44, 'JULIA', 'MORATO MEDIAVILLA', 'Mujer', '827ccb0eea8a706c4c34a16891f84e7b', '65', false, false);
INSERT INTO Deportista (DNI, Edad, Nombre, Apellidos, Sexo, Contrasenha, Cuota_Socio, rolAdmin, rolEntrenador)
VALUES ('20865489G', 55, 'SOFIA', 'CABANES UGALDE', 'Mujer', '827ccb0eea8a706c4c34a16891f84e7b', '0', false, false);
INSERT INTO Deportista (DNI, Edad, Nombre, Apellidos, Sexo, Contrasenha, Cuota_Socio, rolAdmin, rolEntrenador)
VALUES ('57768016C', 66, 'JOAN', 'OLIVE OLIVERAS', 'Hombre', '827ccb0eea8a706c4c34a16891f84e7b', '44', false, false);
INSERT INTO Deportista (DNI, Edad, Nombre, Apellidos, Sexo, Contrasenha, Cuota_Socio, rolAdmin, rolEntrenador)
VALUES ('02793268X', 77, 'SOFIA', 'BARREDA LASHERAS', 'Mujer', '827ccb0eea8a706c4c34a16891f84e7b', '80', false, true);
INSERT INTO Deportista (DNI, Edad, Nombre, Apellidos, Sexo, Contrasenha, Cuota_Socio, rolAdmin, rolEntrenador)
VALUES ('67721782F', 88, 'JOSE MIGUEL', 'OLMO ARMENTEROS', 'Hombre', '827ccb0eea8a706c4c34a16891f84e7b', '90', false, true);
INSERT INTO Deportista (DNI, Edad, Nombre, Apellidos, Sexo, Contrasenha, Cuota_Socio, rolAdmin, rolEntrenador)
VALUES ('53495571D', 24, 'IVAN', 'ROCAMORA NOTARIO', 'Hombre', '827ccb0eea8a706c4c34a16891f84e7b', '900', false, true);
INSERT INTO Deportista (DNI, Edad, Nombre, Apellidos, Sexo, Contrasenha, Cuota_Socio, rolAdmin, rolEntrenador)
VALUES ('99185554D', 25, 'JOSE', 'ESTRUCH PADIN', 'Hombre', '827ccb0eea8a706c4c34a16891f84e7b', '90', false, true);
INSERT INTO Deportista (DNI, Edad, Nombre, Apellidos, Sexo, Contrasenha, Cuota_Socio, rolAdmin, rolEntrenador)
VALUES ('12345678A', 17, 'PEDRO', 'CUESTA MORALES', 'Hombre', '827ccb0eea8a706c4c34a16891f84e7b', '90', false, false);
INSERT INTO Deportista (DNI, Edad, Nombre, Apellidos, Sexo, Contrasenha, Cuota_Socio, rolAdmin, rolEntrenador)
VALUES ('000000000', 1, 'ADMIN', 'ADMIN ADMIN', 'Hombre', '827ccb0eea8a706c4c34a16891f84e7b', '0', true, true);
INSERT INTO Deportista (DNI, Edad, Nombre, Apellidos, Sexo, Contrasenha, Cuota_Socio, rolAdmin, rolEntrenador)
VALUES ('111111111', 1, 'USUARIO', 'DE PRUEBAS', 'Hombre', '827ccb0eea8a706c4c34a16891f84e7b', '0', false, false);


INSERT INTO Pareja (codPareja, DNI_Capitan, DNI_Companhero)
VALUES ('72180857A08722995S', '72180857A', '08722995S');
INSERT INTO Pareja (codPareja, DNI_Capitan, DNI_Companhero)
VALUES ('72180857A93407187R', '72180857A', '93407187R');
INSERT INTO Pareja (codPareja, DNI_Capitan, DNI_Companhero)
VALUES ('12345678A78380290Q', '12345678A', '78380290Q');
INSERT INTO Pareja (codPareja, DNI_Capitan, DNI_Companhero)
VALUES ('99185554D53495571D', '99185554D', '53495571D');
INSERT INTO Pareja (codPareja, DNI_Capitan, DNI_Companhero)
VALUES ('53495571D99185554D', '53495571D', '99185554D');
INSERT INTO Pareja (codPareja, DNI_Capitan, DNI_Companhero)
VALUES ('20865489G12345678A', '20865489G', '12345678A');
INSERT INTO Pareja (codPareja, DNI_Capitan, DNI_Companhero)
VALUES ('02793268X57768016C', '02793268X', '57768016C');
INSERT INTO Pareja (codPareja, DNI_Capitan, DNI_Companhero)
VALUES ('67721782F08722995S', '67721782F', '08722995S');


INSERT INTO Horario (`Horario`, `HoraInicio`, `HoraFin`)
VALUES (1, '2018-11-24 10:00:00', '2018-11-24 11:30:00');
INSERT INTO Horario (`Horario`, `HoraInicio`, `HoraFin`)
VALUES (2, '2018-11-24 11:30:00', '2018-11-24 13:00:00');
INSERT INTO Horario (`Horario`, `HoraInicio`, `HoraFin`)
VALUES (3, '2018-11-24 13:00:00', '2018-11-24 14:30:00');
INSERT INTO Horario (`Horario`, `HoraInicio`, `HoraFin`)
VALUES (4, '2018-11-24 14:30:00', '2018-11-24 16:00:00');
INSERT INTO Horario (`Horario`, `HoraInicio`, `HoraFin`)
VALUES (5, '2018-11-24 16:00:00', '2018-11-24 17:30:00');
INSERT INTO Horario (`Horario`, `HoraInicio`, `HoraFin`)
VALUES (6, '2018-11-24 17:30:00', '2018-11-24 19:00:00');
INSERT INTO Horario (`Horario`, `HoraInicio`, `HoraFin`)
VALUES (7, '2018-11-24 19:00:00', '2018-11-24 20:30:00');
INSERT INTO Horario (`Horario`, `HoraInicio`, `HoraFin`)
VALUES (8, '2018-11-24 20:30:00', '2018-11-24 22:00:00');
INSERT INTO Horario (`Horario`, `HoraInicio`, `HoraFin`)
VALUES (9, '2018-11-24 22:00:00', '2018-11-24 23:30:00');
INSERT INTO Horario (`Horario`, `HoraInicio`, `HoraFin`)
VALUES (10, '2018-11-24 23:30:00', '2018-11-25 00:30:00');
INSERT INTO Horario (`Horario`, `HoraInicio`, `HoraFin`)
VALUES (11, '2018-11-24 8:30:00', '2018-11-24 10:00:00');


INSERT INTO Pista (codigoPista, nombre)
VALUES(1,'PistaFrancia');
INSERT INTO Pista (codigoPista, nombre)
VALUES(2,'PistaSuiza');
INSERT INTO Pista (codigoPista, nombre)
VALUES(3,'PistaItalia');
INSERT INTO Pista (codigoPista, nombre)
VALUES(4,'PistaSuecia');
INSERT INTO Pista (codigoPista, nombre)
VALUES(5,'PistaMarruecos');
INSERT INTO Pista (codigoPista, nombre)
VALUES(6,'PistaArgentina');
INSERT INTO Pista (codigoPista, nombre)
VALUES(7,'PistaBrasil');
INSERT INTO Pista (codigoPista, nombre)
VALUES(8,'PistaEspaña');

INSERT INTO Partido (Partido, codigoHorario, codigoPista)
VALUES(1,1, 1);
INSERT INTO Partido (Partido, codigoHorario, codigoPista)
VALUES(2,2, 4);
INSERT INTO Partido (Partido, codigoHorario, codigoPista)
VALUES(3,6, 5);
INSERT INTO Partido (Partido, codigoHorario, codigoPista)
VALUES(4,6, 7);
INSERT INTO Partido (Partido, codigoHorario, codigoPista)
VALUES(5,6, 5);
INSERT INTO Partido (Partido, codigoHorario, codigoPista)
VALUES(6,3, 3);
INSERT INTO Partido (Partido, codigoHorario, codigoPista)
VALUES(7,3, 2);
INSERT INTO Partido (Partido, codigoHorario, codigoPista)
VALUES(8,3, 1);


INSERT INTO Campeonato (Campeonato, FechaInicio, FechaFinal, Nombre)
VALUES(1, '2018-11-10 09:00:00','2018-12-10 10:00:00', 'GADIS');
INSERT INTO Campeonato (Campeonato, FechaInicio, FechaFinal, Nombre)
VALUES(2, '2018-11-11 09:00:00','2018-12-11 10:00:00', 'NAVIDAD');
INSERT INTO Campeonato (Campeonato, FechaInicio, FechaFinal, Nombre)
VALUES(3, '2018-11-12 09:00:00','2018-12-12 10:00:00', 'PRIMAVERA');
INSERT INTO Campeonato (Campeonato, FechaInicio, FechaFinal, Nombre)
VALUES(4, '2018-11-13 09:00:00','2018-12-13 10:00:00', 'OTOÑO');
INSERT INTO Campeonato (Campeonato, FechaInicio, FechaFinal, Nombre)
VALUES(5, '2018-11-14 09:00:00','2018-12-14 10:00:00', 'INVIERNO');
INSERT INTO Campeonato (Campeonato, FechaInicio, FechaFinal, Nombre)
VALUES(6, '2018-11-15 09:00:00','2018-12-15 10:00:00', 'JUBILADOS');
INSERT INTO Campeonato (Campeonato, FechaInicio, FechaFinal, Nombre)
VALUES(7, '2018-11-16 09:00:00','2018-12-16 10:00:00', 'ESEI');
INSERT INTO Campeonato (Campeonato, FechaInicio, FechaFinal, Nombre)
VALUES(8, '2018-11-17 09:00:00','2018-12-17 10:00:00', 'FCETOU');
INSERT INTO Campeonato (Campeonato, FechaInicio, FechaFinal, Nombre)
VALUES(9, '2018-11-18 09:00:00','2018-12-18 10:00:00', 'OURENSE');
INSERT INTO Campeonato (Campeonato, FechaInicio, FechaFinal, Nombre)
VALUES(10, '2018-11-19 09:00:00','2018-12-19 10:00:00', 'HULIO');

INSERT INTO Categoria (Categoria, Nivel, Sexo)
VALUES(1, '1', 'M');
INSERT INTO Categoria (Categoria, Nivel, Sexo)
VALUES(2, '2', 'F');
INSERT INTO Categoria (Categoria, Nivel, Sexo)
VALUES(3, '3', 'MX');
INSERT INTO Categoria (Categoria, Nivel, Sexo)
VALUES(4, '1', 'M');
INSERT INTO Categoria (Categoria, Nivel, Sexo)
VALUES(5, '2', 'F');
INSERT INTO Categoria (Categoria, Nivel, Sexo)
VALUES(6, '3', 'MX');
INSERT INTO Categoria (Categoria, Nivel, Sexo)
VALUES(7, '1', 'M');
INSERT INTO Categoria (Categoria, Nivel, Sexo)
VALUES(8, '2', 'F');
INSERT INTO Categoria (Categoria, Nivel, Sexo)
VALUES(9, '1', 'F');
INSERT INTO Categoria (Categoria, Nivel, Sexo)
VALUES(10, '2', 'MX');

 
INSERT INTO Campeonato_consta_de_categorias (Campeonato_Campeonato, Categoria_Categoria)
VALUES(1, 1);
INSERT INTO Campeonato_consta_de_categorias (Campeonato_Campeonato, Categoria_Categoria)
VALUES(1, 2);
INSERT INTO Campeonato_consta_de_categorias (Campeonato_Campeonato, Categoria_Categoria)
VALUES(1, 3);
INSERT INTO Campeonato_consta_de_categorias (Campeonato_Campeonato, Categoria_Categoria)
VALUES(2, 1);
INSERT INTO Campeonato_consta_de_categorias (Campeonato_Campeonato, Categoria_Categoria)
VALUES(2, 3);
INSERT INTO Campeonato_consta_de_categorias (Campeonato_Campeonato, Categoria_Categoria)
VALUES(4, 6);
INSERT INTO Campeonato_consta_de_categorias (Campeonato_Campeonato, Categoria_Categoria)
VALUES(5, 1);
INSERT INTO Campeonato_consta_de_categorias (Campeonato_Campeonato, Categoria_Categoria)
VALUES(5, 2);


INSERT INTO pareja_pertenece_categoria (Pareja_codPareja , Categoria_Categoria)
VALUES ('72180857A08722995S', '1');
INSERT INTO pareja_pertenece_categoria (Pareja_codPareja , Categoria_Categoria)
VALUES ('72180857A93407187R', '2');
INSERT INTO pareja_pertenece_categoria (Pareja_codPareja , Categoria_Categoria)
VALUES ('12345678A78380290Q', '3');
INSERT INTO pareja_pertenece_categoria (Pareja_codPareja , Categoria_Categoria)
VALUES ('99185554D53495571D', '4');
INSERT INTO pareja_pertenece_categoria (Pareja_codPareja , Categoria_Categoria)
VALUES ('53495571D99185554D', '5');
INSERT INTO pareja_pertenece_categoria (Pareja_codPareja , Categoria_Categoria)
VALUES ('20865489G12345678A', '6');
INSERT INTO pareja_pertenece_categoria (Pareja_codPareja , Categoria_Categoria)
VALUES ('02793268X57768016C', '7');
INSERT INTO pareja_pertenece_categoria (Pareja_codPareja , Categoria_Categoria)
VALUES ('67721782F08722995S', '8');


INSERT INTO Pista_tiene_horario (Horario_Horario,Pista_codigoPista) 
VALUES ('4','4');
INSERT INTO Pista_tiene_horario (Horario_Horario,Pista_codigoPista) 
VALUES ('1','3');
INSERT INTO Pista_tiene_horario (Horario_Horario,Pista_codigoPista) 
VALUES ('2','5');
INSERT INTO Pista_tiene_horario (Horario_Horario,Pista_codigoPista) 
VALUES ('3','7');
INSERT INTO Pista_tiene_horario (Horario_Horario,Pista_codigoPista) 
VALUES ('4','8');
INSERT INTO Pista_tiene_horario (Horario_Horario,Pista_codigoPista) 
VALUES ('5','1');
INSERT INTO Pista_tiene_horario (Horario_Horario,Pista_codigoPista) 
VALUES ('6','4');
INSERT INTO Pista_tiene_horario (Horario_Horario,Pista_codigoPista) 
VALUES ('7','6');
INSERT INTO Pista_tiene_horario (Horario_Horario,Pista_codigoPista) 
VALUES ('8','4');
INSERT INTO Pista_tiene_horario (Horario_Horario,Pista_codigoPista) 
VALUES ('1','4');

INSERT INTO Reserva (Reserva, codigoPistayHorario, DNI_Deportista)
VALUES (1, 1, '72180857A');
INSERT INTO Reserva (Reserva, codigoPistayHorario, DNI_Deportista)
VALUES ('2', '2', '08722995S');
INSERT INTO Reserva (Reserva, codigoPistayHorario, DNI_Deportista)
VALUES ('3', '3', '93407187R');
INSERT INTO Reserva (Reserva, codigoPistayHorario, DNI_Deportista)
VALUES ('4', '4','78380290Q');
INSERT INTO Reserva (Reserva, codigoPistayHorario, DNI_Deportista)
VALUES ('5', '5', '20865489G');
INSERT INTO Reserva (Reserva, codigoPistayHorario, DNI_Deportista)
VALUES ('6', '6', '57768016C');
INSERT INTO Reserva (Reserva, codigoPistayHorario, DNI_Deportista)
VALUES ('7', '7', '02793268X');
INSERT INTO Reserva (Reserva, codigoPistayHorario, DNI_Deportista)
VALUES ('8', '8', '67721782F');
INSERT INTO Reserva (Reserva, codigoPistayHorario, DNI_Deportista)
VALUES ('9', '9', '53495571D');
INSERT INTO Reserva (Reserva, codigoPistayHorario, DNI_Deportista)
VALUES ('10', '10', '99185554D');

INSERT INTO Grupo(nombre,CampeonatoCategoria,ParejaCategoria)
VALUES ('A', '1', '1');
INSERT INTO Grupo(nombre,CampeonatoCategoria,ParejaCategoria)
VALUES ('B', '2', '2');
INSERT INTO Grupo(nombre,CampeonatoCategoria,ParejaCategoria)
VALUES ('C', '3', '3');
INSERT INTO Grupo(nombre,CampeonatoCategoria,ParejaCategoria)
VALUES ('D', '4', '4');
INSERT INTO Grupo(nombre,CampeonatoCategoria,ParejaCategoria)
VALUES ('E', '5', '5');
INSERT INTO Grupo(nombre,CampeonatoCategoria,ParejaCategoria)
VALUES ('F', '6','6');
INSERT INTO Grupo(nombre,CampeonatoCategoria,ParejaCategoria)
VALUES ('G', '7', '7');
INSERT INTO Grupo(nombre,CampeonatoCategoria,ParejaCategoria)
VALUES ('H', '8', '8');

INSERT INTO Enfrentamiento (Enfrentamiento, Grupo_Grupo, Pareja1, Pareja2, set1, set2,set3)
VALUES ('1', '3', '72180857A08722995S', '72180857A93407187R', '6-1', '3-6', '6-2');
INSERT INTO Enfrentamiento (Enfrentamiento, Grupo_Grupo, Pareja1, Pareja2, set1, set2,set3)
VALUES ('2', '4', '12345678A78380290Q', '99185554D53495571D','6-1', '0-6', '6-2');
INSERT INTO Enfrentamiento (Enfrentamiento, Grupo_Grupo, Pareja1, Pareja2, set1, set2,set3)
VALUES ('3', '5', '53495571D99185554D','20865489G12345678A','6-1', '3-6', '6-0');
INSERT INTO Enfrentamiento (Enfrentamiento, Grupo_Grupo, Pareja1, Pareja2, set1, set2,set3)
VALUES ('4', '5', '02793268X57768016C','67721782F08722995S','6-1', '3-6', '6-4');

INSERT INTO Enfrentamiento (Enfrentamiento, Grupo_Grupo, Pareja1, Pareja2, set1, set2,set3)
VALUES ('5', '4', '53495571D99185554D','72180857A93407187R','6-3', '1-6', '6-3');
INSERT INTO Enfrentamiento (Enfrentamiento, Grupo_Grupo, Pareja1, Pareja2, set1, set2,set3)
VALUES ('6', '3', '99185554D53495571D','67721782F08722995S','6-0', '0-6', '6-2');
INSERT INTO Enfrentamiento (Enfrentamiento, Grupo_Grupo, Pareja1, Pareja2, set1, set2,set3)
VALUES ('7', '4', '02793268X57768016C','20865489G12345678A','6-1', '3-6', '0-6');
INSERT INTO Enfrentamiento (Enfrentamiento, Grupo_Grupo, Pareja1, Pareja2, set1, set2,set3)
VALUES ('8', '5', '12345678A78380290Q','20865489G12345678A','6-1', '2-6', '6-0');
INSERT INTO Enfrentamiento (Enfrentamiento, Grupo_Grupo, Pareja1, Pareja2, set1, set2,set3)
VALUES ('9', '5', '53495571D99185554D','72180857A93407187R','4-6', '3-6', '6-1');
INSERT INTO Enfrentamiento (Enfrentamiento, Grupo_Grupo, Pareja1, Pareja2, set1, set2,set3)
VALUES ('10', '5', '67721782F08722995S','12345678A78380290Q','6-4', '1-6', '6-3');




INSERT INTO Deportista_juega_partido (DNI_Deportista1, DNI_Deportista2,
DNI_Deportista3,DNI_Deportista4,Partido_Partido)
VALUES ('72180857A','08722995S','93407187R','78380290Q','1');
INSERT INTO Deportista_juega_partido (DNI_Deportista1, DNI_Deportista2,
DNI_Deportista3,DNI_Deportista4,Partido_Partido) 
VALUES ('02793268X','72180857A','57768016C','78380290Q','2');
INSERT INTO Deportista_juega_partido (DNI_Deportista1, DNI_Deportista2,
DNI_Deportista3,DNI_Deportista4,Partido_Partido) 
VALUES ('57768016C','02793268X','72180857A','78380290Q','3');
INSERT INTO Deportista_juega_partido (DNI_Deportista1, DNI_Deportista2,
DNI_Deportista3,DNI_Deportista4,Partido_Partido) 
VALUES ('93407187R','57768016C','02793268X','72180857A','4');
INSERT INTO Deportista_juega_partido (DNI_Deportista1, DNI_Deportista2,
DNI_Deportista3,DNI_Deportista4,Partido_Partido) 
VALUES ('67721782F','93407187R','02793268X','57768016C','5');
INSERT INTO Deportista_juega_partido (DNI_Deportista1, DNI_Deportista2,
DNI_Deportista3,DNI_Deportista4,Partido_Partido) 
VALUES ('93407187R','72180857A','78380290Q','67721782F','6');
INSERT INTO Deportista_juega_partido (DNI_Deportista1, DNI_Deportista2,
DNI_Deportista3,DNI_Deportista4,Partido_Partido) 
VALUES ('57768016C','78380290Q','08722995S','53495571D','7');
INSERT INTO Deportista_juega_partido (DNI_Deportista1, DNI_Deportista2,
DNI_Deportista3,DNI_Deportista4,Partido_Partido)
VALUES ('93407187R','57768016C','12345678A','53495571D','8');

INSERT INTO Escuela (codigoEscuela,nombreEscuela)
VALUES ('1','Clases Particulares Intermedias');
INSERT INTO Escuela (codigoEscuela,nombreEscuela)
VALUES ('3','Clases Particulares Intermedias');
INSERT INTO Escuela (codigoEscuela,nombreEscuela)
VALUES ('4','Clases Particulares Básicas');
INSERT INTO Escuela (codigoEscuela,nombreEscuela)
VALUES ('5','Clases Particulares Avanzadas');
INSERT INTO Escuela (codigoEscuela,nombreEscuela)
VALUES ('6','Clases Mensuales Intermedias');
INSERT INTO Escuela (codigoEscuela,nombreEscuela)
VALUES ('7','Clases Mensuales Avanzadas');
INSERT INTO Escuela (codigoEscuela,nombreEscuela)
VALUES ('8','Clases Mensuales Básicas');
INSERT INTO Escuela (codigoEscuela,nombreEscuela)
VALUES ('9','Clases Magistrales Colectivas');
INSERT INTO Escuela (codigoEscuela,nombreEscuela)
VALUES ('10','Clases Particulares Intermedias');
INSERT INTO Escuela (codigoEscuela,nombreEscuela)
VALUES ('2','Clases Particulares Intermedias');

INSERT INTO Clase (Clase,Reserva_Reserva,codigoEscuela, Entrenador)
VALUES ('3','1','6', '99185554D');
INSERT INTO Clase (Clase,Reserva_Reserva,codigoEscuela, Entrenador)
VALUES ('2','1','5', '02793268X');
INSERT INTO Clase (Clase,Reserva_Reserva,codigoEscuela, Entrenador)
VALUES ('1','10','4', '67721782F');
INSERT INTO Clase (Clase,Reserva_Reserva,codigoEscuela, Entrenador)
VALUES ('5','1','3', '53495571D');
INSERT INTO Clase (Clase,Reserva_Reserva,codigoEscuela, Entrenador)
VALUES ('6','9','2', '99185554D');
INSERT INTO Clase (Clase,Reserva_Reserva,codigoEscuela, Entrenador)
VALUES ('7','8','1', '99185554D');
INSERT INTO Clase (Clase,Reserva_Reserva,codigoEscuela, Entrenador)
VALUES ('4','2','1', '67721782F');

GRANT ALL PRIVILEGES ON awgp.* to AWGPusr@localhost identified by "AWGPass";